Evolución, Nombre , Numero , URL, Caracteristica 
1, Bulbasaur, 1, https://assets.pokemon.com/assets/cms2/img/pokedex/full/001.png, Hay una semilla de planta en su parte posterior desde el día en que nace. La semilla crece lentamente.
1, Ivysaur , 2, https://assets.pokemon.com/assets/cms2/img/pokedex/full/002.png, Cuando el bulbo de su espalda crece, parece perder la capacidad de pararse sobre sus patas traseras.
1, Venusaur, 3, https://assets.pokemon.com/assets/cms2/img/pokedex/full/003.png, Su planta florece cuando absorbe energía solar. Se mantiene en movimiento para buscar la luz del sol.
2, Charmander, 4, https://assets.pokemon.com/assets/cms2/img/pokedex/full/004.png, Tiene preferencia por las cosas calientes. Cuando llueve, se dice que sale vapor de la punta de su cola.
2, Charmeleon, 5, https://assets.pokemon.com/assets/cms2/img/pokedex/full/005.png, Tiene un carácter bárbaro. En la batalla, azota su cola de fuego y corta con garras afiladas.
2, Charizard, 6, https://assets.pokemon.com/assets/cms2/img/pokedex/full/006.png, Escupe fuego lo suficientemente caliente como para derretir rocas. Puede provocar incendios forestales al soplar llamas.
3, Squirtle, 7, https://assets.pokemon.com/assets/cms2/img/pokedex/full/007.png, Cuando retrae su largo cuello en su caparazón, arroja agua con una fuerza vigorosa.
3, Wartortle, 8, https://assets.pokemon.com/assets/cms2/img/pokedex/full/008.png, Es reconocido como símbolo de longevidad. Si su caparazón tiene algas, ese Wartortle es muy viejo.
3, Blastoise, 9, https://assets.pokemon.com/assets/cms2/img/pokedex/full/009.png, Aplasta a su enemigo bajo su pesado cuerpo para provocar desmayos. En caso de apuro, se retirará dentro de su caparazón.
4, Caterpie, 10, https://assets.pokemon.com/assets/cms2/img/pokedex/full/010.png, Para protegerse, libera un hedor horrible de la antena en su cabeza para ahuyentar a los enemigos.
4, Metapod, 11, https://assets.pokemon.com/assets/cms2/img/pokedex/full/011.png, Está esperando el momento de evolucionar. En esta etapa, solo puede endurecerse, por lo que permanece inmóvil para evitar el ataque.
4, Butterfree, 12, https://assets.pokemon.com/assets/cms2/img/pokedex/full/012.png, En la batalla, bate sus alas a gran velocidad para liberar polvo altamente tóxico en el aire.
5, Weedle, 13, https://assets.pokemon.com/assets/cms2/img/pokedex/full/013.png, Cuidado con el aguijón afilado que tiene en la cabeza. Se esconde entre la hierba y los arbustos donde come hojas.
5, Kakuna, 14, https://assets.pokemon.com/assets/cms2/img/pokedex/full/014.png, Capaz de moverse solo un poco. Cuando está en peligro, puede sacar su aguijón y envenenar a su enemigo.
5, Beedrill, 15, https://assets.pokemon.com/assets/cms2/img/pokedex/full/015.png, Tiene tres aguijones venenosos en las patas delanteras y en la cola. Se utilizan para golpear a su enemigo repetidamente.
6, Pidgey , 16, https://assets.pokemon.com/assets/cms2/img/pokedex/full/016.png, Muy dócil. Si es atacado, a menudo levantará arena para protegerse en lugar de contraatacar.
6, Pidgeotto, 17, https://assets.pokemon.com/assets/cms2/img/pokedex/full/017.png, Este Pokémon está lleno de vitalidad. Vuela constantemente por su extenso territorio en busca de presas.
6, Pidgeot, 18, https://assets.pokemon.com/assets/cms2/img/pokedex/full/018.png, Este Pokémon vuela a velocidad Mach 2, buscando presas. Sus grandes garras son temidas como armas perversas.
7, Rattata , 19, https://assets.pokemon.com/assets/cms2/img/pokedex/full/019.png, Mastica cualquier cosa con sus colmillos. Si ve uno, puede estar seguro de que 40 más viven en la zona.
7, Raticate, 20, https://assets.pokemon.com/assets/cms2/img/pokedex/full/020.png, Sus patas traseras están palmeadas. Actúan como aletas, por lo que puede nadar en ríos y cazar presas.
8, Spearow, 21, https://assets.pokemon.com/assets/cms2/img/pokedex/full/021.png, Inepto a volar alto. Sin embargo, puede volar muy rápido para proteger su territorio.
8, Fearow, 22, https://assets.pokemon.com/assets/cms2/img/pokedex/full/022.png, Un Pokémon que se remonta a muchos años. Si detecta peligro, vuela alto y se aleja instantáneamente.
9, Ekans, 23, https://assets.pokemon.com/assets/cms2/img/pokedex/full/023.png, Cuanto más envejece, más crece. Por la noche, envuelve su largo cuerpo alrededor de las ramas de los árboles para descansar.
9, Arbok, 24, https://assets.pokemon.com/assets/cms2/img/pokedex/full/024.png, Se han estudiado los espantosos patrones de su vientre. Se han confirmado seis variaciones.
10, Pikachu, 25, https://assets.pokemon.com/assets/cms2/img/pokedex/full/025.png, Los Pikachu que pueden generar una poderosa electricidad tienen sacos en las mejillas que son extra suaves y súper elásticos.
10, Raichu, 26, https://assets.pokemon.com/assets/cms2/img/pokedex/full/026.png, Su larga cola sirve como base para protegerse de su propia potencia de alto voltaje.
11, Sandshrew, 27, https://assets.pokemon.com/assets/cms2/img/pokedex/full/027.png, Le encanta bañarse en la arena de las áreas secas y arenosas. Al bañarse en la arena, el Pokémon se deshace de la suciedad y la humedad adheridas a su cuerpo.
11, Sandslash, 28, https://assets.pokemon.com/assets/cms2/img/pokedex/full/028.png, Cuanto más seca sea la zona en la que vive Sandslash, más duras y suaves se sentirán las púas de los Pokémon al tocarlas.
12, Nidoran, 29, https://assets.pokemon.com/assets/cms2/img/pokedex/full/029.png, Las hembras son más sensibles a los olores que los machos. Mientras buscan alimento, usarán sus bigotes para verificar la dirección del viento y mantenerse a favor del viento de los depredadores.
12, Nidorina , 30, https://assets.pokemon.com/assets/cms2/img/pokedex/full/030.png, El cuerno de su cabeza se ha atrofiado. Se cree que esto sucede para que los hijos de Nidorina no sean pinchados mientras su madre los está alimentando.
12, Nidoqueen, 31, https://assets.pokemon.com/assets/cms2/img/pokedex/full/031.png, Nidoqueen es mejor en defensa que en ataque. Con escamas como una armadura, este Pokémon protegerá a sus hijos de cualquier tipo de ataque.
13, Nidoran, 32, https://assets.pokemon.com/assets/cms2/img/pokedex/full/032.png, El cuerno en la frente de un Nidoran macho contiene un poderoso veneno. Este es un Pokémon muy cauteloso, siempre aguzando sus grandes orejas.
13, Nidorino, 33, https://assets.pokemon.com/assets/cms2/img/pokedex/full/033.png, Con un cuerno que es más duro que un diamante, este Pokémon anda destrozando rocas mientras busca una piedra lunar.
13, Nidoking, 34, https://assets.pokemon.com/assets/cms2/img/pokedex/full/034.png, Cuando se desencadena, es imposible de controlar. Pero en presencia de un Nidoqueen con el que ha vivido durante mucho tiempo, Nidoking se calma.
14, Clefairy, 35, https://assets.pokemon.com/assets/cms2/img/pokedex/full/035.png, Se dice que la felicidad llegará a quienes vean una reunión de Clefairy bailando bajo la luna llena.
14, Clefable, 36, https://assets.pokemon.com/assets/cms2/img/pokedex/full/036.png, Un Pokémon hada tímido que rara vez se ve, correrá y se esconderá en el momento en que detecte a la gente.
15, Vulpix, 37, https://assets.pokemon.com/assets/cms2/img/pokedex/full/037.png, Mientras es joven, tiene seis hermosas colas. Cuando crece, brotan varias colas nuevas.
15, Ninetales, 38, https://assets.pokemon.com/assets/cms2/img/pokedex/full/038.png, Se dice que vive 1.000 años y cada una de sus colas está cargada de poderes sobrenaturales.
16, Jigglypuff, 39, https://assets.pokemon.com/assets/cms2/img/pokedex/full/039.png, Jigglypuff tiene una capacidad pulmonar de primer nivel, incluso en comparación con otros Pokémon. No dejará de cantar sus canciones de cuna hasta que sus enemigos se duerman.
16, Wigglytuff , 40, https://assets.pokemon.com/assets/cms2/img/pokedex/full/040.png, Cuanto más aire toma, más se infla. Si los oponentes lo atrapan de mal humor, se inflará a un tamaño enorme para intimidarlos.
17, Zubat, 41, https://assets.pokemon.com/assets/cms2/img/pokedex/full/041.png, Emite ondas ultrasónicas de su boca para comprobar su entorno. Incluso en cuevas estrechas, Zubat vuela con habilidad.
17, Golbat, 42, https://assets.pokemon.com/assets/cms2/img/pokedex/full/042.png, Le encanta beber la sangre de otras criaturas. Se dice que si encuentra a otros de su tipo pasando hambre, a veces comparte la sangre que ha recolectado.
18, Oddish, 43, https://assets.pokemon.com/assets/cms2/img/pokedex/full/043.png, Si se expone a la luz de la luna, comienza a moverse. Vaga a lo largo y ancho de la noche para esparcir sus semillas.
18, Gloom , 44, https://assets.pokemon.com/assets/cms2/img/pokedex/full/044.png, Sus pistilos exudan un olor increíblemente fétido. El horrible hedor puede provocar desmayos a una distancia de 1,25 millas.
18, Vileplume, 45, https://assets.pokemon.com/assets/cms2/img/pokedex/full/045.png, Tiene los pétalos más grandes del mundo. Con cada paso, los pétalos sacuden densas nubes de polen tóxico.
19, Paras, 46, https://assets.pokemon.com/assets/cms2/img/pokedex/full/046.png, Madrigueras bajo tierra para roer las raíces de los árboles. Los hongos en su espalda absorben la mayor parte de la nutrición.
19, Parasect , 47, https://assets.pokemon.com/assets/cms2/img/pokedex/full/047.png, El hongo en su espalda drena la energía del huésped del insecto. El hongo parece hacer todo el pensamiento.
20, Venonat, 48, https://assets.pokemon.com/assets/cms2/img/pokedex/full/048.png, Sus grandes ojos actúan como radar. En un lugar brillante, puede ver que son grupos de muchos ojos diminutos.
20, Venomoth, 49, https://assets.pokemon.com/assets/cms2/img/pokedex/full/049.png, Las escamas polvorientas de sus alas son difíciles de quitar de la piel. También contienen veneno que se filtra al contacto.
21, Diglett, 50, https://assets.pokemon.com/assets/cms2/img/pokedex/full/050.png, Si un Diglett excava en un campo, deja el suelo perfectamente labrado y es ideal para plantar cultivos.
21, Dugtrio, 51, https://assets.pokemon.com/assets/cms2/img/pokedex/full/051.png, Un equipo de trillizos Diglett. Desencadena grandes terremotos al excavar a 60 millas bajo tierra.
22, Meowth, 52, https://assets.pokemon.com/assets/cms2/img/pokedex/full/052.png, Le encanta coleccionar cosas brillantes. Si está de buen humor, incluso podría dejar que su Instructor eche un vistazo a su tesoro de tesoros.
22, Persian , 53, https://assets.pokemon.com/assets/cms2/img/pokedex/full/053.png, Hacer que este orgulloso Pokémon se acerque a ti requiere mucho esfuerzo, y te arañará en el momento en que se enfade.
23, Psyduck , 54, https://assets.pokemon.com/assets/cms2/img/pokedex/full/054.png, Psyduck está constantemente acosado por dolores de cabeza. Si el Pokémon deja que su extraño poder brote, aparentemente el dolor cede por un tiempo.
23, Golduck , 55, https://assets.pokemon.com/assets/cms2/img/pokedex/full/055.png, Este Pokémon vive en ríos que fluyen suavemente. Rema a través del agua con sus largas extremidades, mostrando sus elegantes habilidades de natación.
24, Mankey , 56, https://assets.pokemon.com/assets/cms2/img/pokedex/full/056.png, Un Pokémon ágil que vive en los árboles. Se enoja fácilmente y no dudará en atacar cualquier cosa.
24, Primeape, 57, https://assets.pokemon.com/assets/cms2/img/pokedex/full/057.png, Deja de estar enojado solo cuando no hay nadie más cerca. Ver este momento es muy difícil.
25, Growlithe, 58, https://assets.pokemon.com/assets/cms2/img/pokedex/full/058.png, Tiene un carácter valiente y digno de confianza. Se enfrenta sin miedo a enemigos más grandes y más fuertes.
25, Arcanine , 59, https://assets.pokemon.com/assets/cms2/img/pokedex/full/059.png, Verlo correr más de 6.200 millas en un solo día y noche ha cautivado a muchas personas.
26, Poliwag, 60, https://assets.pokemon.com/assets/cms2/img/pokedex/full/060.png, Para Poliwag, nadar es más fácil que caminar. El patrón de remolino en su vientre es en realidad parte de las entrañas del Pokémon que se muestran a través de la piel.
26, Poliwhirl, 61, https://assets.pokemon.com/assets/cms2/img/pokedex/full/061.png, Mirar el remolino en su vientre provoca somnolencia. Este rasgo de Poliwhirl se ha utilizado en lugar de canciones de cuna para que los niños se vayan a dormir.
26, Poliwrath, 62, https://assets.pokemon.com/assets/cms2/img/pokedex/full/062.png, Su cuerpo es musculoso y sólido. Al nadar en mares fríos, Poliwrath usa sus impresionantes brazos para romper el hielo a la deriva y avanzar.
27, Abra , 63, https://assets.pokemon.com/assets/cms2/img/pokedex/full/064.png, Este Pokémon usa sus poderes psíquicos mientras duerme. El contenido de los sueños de Abra afecta los poderes que ejerce el Pokémon.
27, Kadabra , 64, https://assets.pokemon.com/assets/cms2/img/pokedex/full/065.png, Este Pokémon usa sus poderes psíquicos mientras duerme. El contenido de los sueños de Abra afecta los poderes que ejerce el Pokémon.
27, Alakazam, 65, https://assets.pokemon.com/assets/cms2/img/pokedex/full/066.png, Tiene un nivel de inteligencia increíblemente alto. Algunos dicen que Alakazam recuerda todo lo que le sucede, desde el nacimiento hasta la muerte.
28, Machop, 66, https://assets.pokemon.com/assets/cms2/img/pokedex/full/067.png, Todo su cuerpo está compuesto por músculos. Aunque es del tamaño de un niño humano, puede arrojar a 100 adultos.
28, Machoke, 67, https://assets.pokemon.com/assets/cms2/img/pokedex/full/068.png, Su cuerpo musculoso es tan poderoso que debe usar un cinturón de ahorro de energía para poder regular sus movimientos.
28, Machamp, 68, https://assets.pokemon.com/assets/cms2/img/pokedex/full/069.png, Rápidamente balancea sus cuatro brazos para sacudir a sus oponentes con incesantes golpes y tajadas desde todos los ángulos.
29, Bellsprout, 69, https://assets.pokemon.com/assets/cms2/img/pokedex/full/070.png, Prefiere lugares cálidos y húmedos. Atrapa pequeños insectos con sus enredaderas y los devora.
29, Weepinbell, 70, https://assets.pokemon.com/assets/cms2/img/pokedex/full/071.png, Cuando tiene hambre, traga todo lo que se mueve. Su desventurada presa se disuelve con ácidos fuertes.
29, Victreebel, 71, https://assets.pokemon.com/assets/cms2/img/pokedex/full/072.png, Atrae a sus presas con el dulce aroma de la miel. Tragado entero, la presa se disuelve en un día, con huesos y todo.
30, Tentacool, 72, https://assets.pokemon.com/assets/cms2/img/pokedex/full/073.png, Tentacool no es un nadador particularmente fuerte. Se desplaza por la superficie de mares poco profundos en busca de presas.
30, Tentacruel, 73, https://assets.pokemon.com/assets/cms2/img/pokedex/full/074.png, Cuando los orbes rojos en la cabeza de Tentacruel brillen intensamente, ten cuidado. El Pokémon está a punto de disparar una ráfaga de ondas ultrasónicas.
31, Geodude, 74, https://assets.pokemon.com/assets/cms2/img/pokedex/full/075.png, Se encuentra comúnmente cerca de senderos de montaña y similares. Si pisa uno por accidente, se enoja.
31, Graveler, 75, https://assets.pokemon.com/assets/cms2/img/pokedex/full/076.png, A menudo visto rodando por senderos de montaña. Los obstáculos son simplemente cosas que hay que superar, no evitar.
31, Golem, 76, https://assets.pokemon.com/assets/cms2/img/pokedex/full/077.png, Una vez que muda su piel, su cuerpo se vuelve tierno y blanquecino. Su piel se endurece cuando se expone al aire.
32, Ponyta , 77, https://assets.pokemon.com/assets/cms2/img/pokedex/full/078.png, No puede funcionar correctamente cuando es recién nacido. A medida que corre con otros de su clase, sus piernas se fortalecen.
32, Rapidash, 78, https://assets.pokemon.com/assets/cms2/img/pokedex/full/079.png, Se puede ver a este Pokémon galopando por los campos a velocidades de hasta 150 mph, con su melena ardiente ondeando al viento.
33, Slowpoke , 79, https://assets.pokemon.com/assets/cms2/img/pokedex/full/080.png, Torpe e inconsciente, este Pokémon no sentirá ningún dolor si le comen la cola. Tampoco se dará cuenta cuando su cola vuelva a crecer.
33, Slowbro , 80, https://assets.pokemon.com/assets/cms2/img/pokedex/full/081.png, Slowpoke se convirtió en Slowbro cuando un Shellder le mordió la cola. Los sabores dulces que se filtran desde la cola hacen que el Shellder se sienta como si su vida fuera un sueño.
34, Magnemite, 81, https://assets.pokemon.com/assets/cms2/img/pokedex/full/082.png, A veces, Magnemite se queda sin electricidad y termina en el suelo. Si le da baterías a un Magnemite conectado a tierra, comenzará a moverse nuevamente.
34, Magneton, 82, https://assets.pokemon.com/assets/cms2/img/pokedex/full/083.png, Este Pokémon son tres Magnemite que se han vinculado. Magneton envía poderosas ondas de radio para estudiar su entorno.
35, Farfetch’d, 83, https://assets.pokemon.com/assets/cms2/img/pokedex/full/084.png, El tallo que lleva este Pokémon en sus alas sirve como espada para cortar a los oponentes. En una situación desesperada, el tallo también puede servir como alimento.
36, Doduo, 84, https://assets.pokemon.com/assets/cms2/img/pokedex/full/085.png, Sus alas cortas dificultan el vuelo. En cambio, este Pokémon corre a gran velocidad con piernas desarrolladas.
36, Dodrio, 85, https://assets.pokemon.com/assets/cms2/img/pokedex/full/086.png, Una de las dos cabezas de Doduo se divide para formar una especie única. Corre cerca de 40 mph en praderas.
37, Seel , 86, https://assets.pokemon.com/assets/cms2/img/pokedex/full/087.png, Ama las condiciones heladas. Disfruta de nadar en un clima gélido de alrededor de 14 grados Fahrenheit.
37, Dewgong, 87, https://assets.pokemon.com/assets/cms2/img/pokedex/full/088.png, Its entire body is a snowy white. Unharmed by even intense cold, it swims powerfully in icy waters.
38, Grimer, 88, https://assets.pokemon.com/assets/cms2/img/pokedex/full/089.png, Hecho de lodo congelado. Huele demasiado pútrido para tocarlo. Incluso las malas hierbas no crecerán en su camino.
38, Muk, 89, https://assets.pokemon.com/assets/cms2/img/pokedex/full/090.png, se siente tan mal que puede causar desmayos. Por la degeneración de su nariz, perdió el sentido del olfato.
39, Shellder, 90, https://assets.pokemon.com/assets/cms2/img/pokedex/full/091.png, Nada mirando hacia atrás abriendo y cerrando su caparazón de dos piezas. Es sorprendentemente rápido.
39, Cloyster, 91, https://assets.pokemon.com/assets/cms2/img/pokedex/full/092.png, Su caparazón es extremadamente duro. No se puede hacer añicos, ni siquiera con una bomba. El caparazón se abre solo cuando está atacando.
40, Gastly, 92, https://assets.pokemon.com/assets/cms2/img/pokedex/full/093.png, Nacido de los gases, cualquiera se desmayaría si fuera engullido por su cuerpo gaseoso, que contiene veneno.
40, Haunter, 93, https://assets.pokemon.com/assets/cms2/img/pokedex/full/093.png, Su lengua está hecha de gas. Si lame a su víctima, esta comienza a temblar constantemente hasta que finalmente llega la muerte.
40, Gengar, 94, https://assets.pokemon.com/assets/cms2/img/pokedex/full/094.png, En la noche de luna llena, si las sombras se mueven solas y se ríen, debe ser obra de Gengar.
41, Onix, 95, https://assets.pokemon.com/assets/cms2/img/pokedex/full/095.png, A medida que excava en el suelo, absorbe muchos objetos duros. Esto es lo que hace que su cuerpo sea tan sólido.
42, Drowzee, 96, https://assets.pokemon.com/assets/cms2/img/pokedex/full/096.png, Si duerme junto a él todo el tiempo, a veces le mostrará sueños que había comido en el pasado.
42, Hypno, 97, https://assets.pokemon.com/assets/cms2/img/pokedex/full/097.png, Evite el contacto visual si se encuentra con uno, intentará ponerte a dormir usando su péndulo.
43, Krabby, 98, https://assets.pokemon.com/assets/cms2/img/pokedex/full/098.png, Se puede encontrar cerca del mar. Las grandes tenazas vuelven a crecer si se las arranca de sus cuencas.
43, Kingler, 99, https://assets.pokemon.com/assets/cms2/img/pokedex/full/099.png, Su pinza grande y dura tiene una fuerza de 10,000 caballos de fuerza. Sin embargo, al ser tan grande, resulta difícil de manejar.
44, Voltorb, 100, https://assets.pokemon.com/assets/cms2/img/pokedex/full/100.png, Se dice que se camufla como una Poké Ball. Se autodestruirá con muy poco estímulo.
44, Electrode, 101, https://assets.pokemon.com/assets/cms2/img/pokedex/full/101.png, Almacena energía eléctrica dentro de su cuerpo. Incluso el más mínimo impacto podría desencadenar una gran explosión.
45, Exeggcute, 102, https://assets.pokemon.com/assets/cms2/img/pokedex/full/102.png, Aunque parezca que es solo un montón de huevos, es un Pokémon adecuado. Exeggcute se comunica con otros de su tipo a través de la telepatía, aparentemente
45, Exeggutor, 103, https://assets.pokemon.com/assets/cms2/img/pokedex/full/103.png, Cada una de las tres cabezas de Exeggutor tiene pensamientos diferentes. Los tres no parecen estar muy interesados ??el uno en el otro.
46, Cubone, 104, https://assets.pokemon.com/assets/cms2/img/pokedex/full/104.png, Cuando el recuerdo de su difunta madre lo hace llorar, sus gritos resuenan con tristeza dentro del cráneo que lleva en la cabeza.
46, Marowak, 105, https://assets.pokemon.com/assets/cms2/img/pokedex/full/105.png, Este Pokémon superó su dolor para desarrollar un nuevo cuerpo robusto. Marowak enfrenta a sus oponentes con valentía, usando un hueso como arma.
47, Hitmonlee, 106, https://assets.pokemon.com/assets/cms2/img/pokedex/full/106.png, Este asombroso Pokémon tiene un increíble sentido del equilibrio. Puede patear sucesivamente desde cualquier posición.
48, Hitmonchan, 107, https://assets.pokemon.com/assets/cms2/img/pokedex/full/107.png, Sus golpes cortan el aire, se lanzan a una velocidad tan alta que incluso un ligero roce podría provocar una quemadura.
49, Lickitung, 108, https://assets.pokemon.com/assets/cms2/img/pokedex/full/108.png, Si la saliva pegajosa de este Pokémon te mancha y no la limpias, te aparecerá una picazón intensa. La picazón tampoco desaparecerá.
50, Koffing, 109, https://assets.pokemon.com/assets/cms2/img/pokedex/full/109.png, Su cuerpo está lleno de gas venenoso. Flota en los vertederos de basura, buscando los vapores de la basura cruda y podrida.
50, Weezing, 110, https://assets.pokemon.com/assets/cms2/img/pokedex/full/110.png, Mezcla gases entre sus dos cuerpos. Se dice que estos Pokémon se vieron en toda la región de Galar en su día.
51, Rhyhorn, 111, https://assets.pokemon.com/assets/cms2/img/pokedex/full/111.png, Fuerte, pero no demasiado brillante. Este Pokémon puede destrozar incluso un rascacielos con sus tacleadas de carga.
51, Rhydon, 112, https://assets.pokemon.com/assets/cms2/img/pokedex/full/112.png, Comienza a caminar sobre sus patas traseras después de la evolución. Puede perforar cantos rodados con su cuerno.
52, Chansey, 113, https://assets.pokemon.com/assets/cms2/img/pokedex/full/113.png, El huevo que lleva Chansey no solo es delicioso, sino que también está lleno de nutrientes. Se utiliza como ingrediente de cocina de primera clase.
53, Tangela, 114, https://assets.pokemon.com/assets/cms2/img/pokedex/full/114.png, Escondido debajo de una maraña de enredaderas que crece sin parar incluso si son arrancadas. La verdadera apariencia de este Pokémon sigue siendo un misterio.
"54, Kangaskhan, 115, https://assets.pokemon.com/assets/cms2/img/pokedex/full/115.png, la amplitud de sus manos puede no ser una coincidencia; muchos científicos creen que sus palmas se agrandaron específicamente para hacer pantomimas."
55, Horsea, 116, https://assets.pokemon.com/assets/cms2/img/pokedex/full/116.png, Horsea tiene su hogar en océanos con corrientes suaves. Si este Pokémon está siendo atacado, escupe tinta negra y escapa.
55, Seadra, 117, https://assets.pokemon.com/assets/cms2/img/pokedex/full/117.png, Son los machos los que crían a la descendencia. Mientras Seadra está criando a sus crías, las espinas de sus espaldas secretan un veneno más espeso y fuerte.
56, Goldeen, 118, https://assets.pokemon.com/assets/cms2/img/pokedex/full/118.png, Sus aletas dorsal, pectoral y caudal ondean elegantemente en el agua. Por eso se le conoce como la bailarina del agua.
56, Seaking, 119, https://assets.pokemon.com/assets/cms2/img/pokedex/full/119.png, En otoño, su cuerpo se vuelve más graso al prepararse para proponer matrimonio. Adquiere hermosos colores.
57, Staryu, 120, https://assets.pokemon.com/assets/cms2/img/pokedex/full/120.png, Si visitas una playa al final del verano, podrás ver grupos de Staryu iluminándose a un ritmo constante.
57, Starmie, 121, https://assets.pokemon.com/assets/cms2/img/pokedex/full/121.png, Este Pokémon tiene un órgano conocido como núcleo. El órgano brilla en siete colores cuando Starmie está desatando sus potentes poderes psíquicos.
"58, Mr. Mime, 122, https://assets.pokemon.com/assets/cms2/img/pokedex/full/122.png, La amplitud de sus manos puede no ser una coincidencia; muchos científicos creen que sus palmas se agrandaron específicamente para hacer pantomimas."
59, Scyther, 123, https://assets.pokemon.com/assets/cms2/img/pokedex/full/123.png, A medida que Scyther pelea más y más batallas, sus guadañas se vuelven cada vez más afiladas. Con una sola rebanada, Scyther puede talar un árbol enorme.
60, Jynx, 124, https://assets.pokemon.com/assets/cms2/img/pokedex/full/124.png, En ciertas partes de Galar, Jynx fue una vez temida y adorada como la Reina del Hielo.
61, Electabuzz, 125, https://assets.pokemon.com/assets/cms2/img/pokedex/full/125.png, Muchas plantas de energía mantienen a los Pokémon de tipo Tierra para defenderse contra los Electabuzz que vienen en busca de electricidad.
62, Magmar, 126, https://assets.pokemon.com/assets/cms2/img/pokedex/full/126.png, Magmar despacha a su presa con fuego, pero se arrepiente de este hábito una vez que se da cuenta de que ha quemado a su presa prevista hasta carbonizarla.
63, Pinsir, 127, https://assets.pokemon.com/assets/cms2/img/pokedex/full/127.png, Estos Pokémon se juzgan entre sí basándose en pinzas. Las pinzas más gruesas e impresionantes generan más popularidad entre el sexo opuesto.
64, Tauros, 128, https://assets.pokemon.com/assets/cms2/img/pokedex/full/128.png, Cuando Tauros comienza a azotarse con la cola, es una advertencia de que el Pokémon está a punto de cargar con una velocidad asombrosa.
65, Magikarp, 129, https://assets.pokemon.com/assets/cms2/img/pokedex/full/129.png, Es prácticamente inútil en términos de potencia y velocidad. Es el Pokémon más débil y patético del mundo.
65, Gyarados, 130, https://assets.pokemon.com/assets/cms2/img/pokedex/full/130.png, Tiene una naturaleza extremadamente agresiva. El Hyper Beam que dispara desde su boca incinera totalmente todos los objetivos.
66, Lapras, 131, https://assets.pokemon.com/assets/cms2/img/pokedex/full/131.png, Un Pokémon inteligente y de buen corazón, se desliza por la superficie del mar mientras su hermosa canción resuena a su alrededor.
67, Ditto, 132, https://assets.pokemon.com/assets/cms2/img/pokedex/full/132.png, Puede reconstituir toda su estructura celular para transformarse en lo que ve, pero vuelve a la normalidad cuando se relaja.
68, Eevee, 133, https://assets.pokemon.com/assets/cms2/img/pokedex/full/133.png, Tiene la capacidad de alterar la composición de su cuerpo para adaptarse al entorno que lo rodea.
68, Vaporeon, 134, https://assets.pokemon.com/assets/cms2/img/pokedex/full/134.png, Cuando las aletas de Vaporeon comienzan a vibrar, es una señal de que lloverá en unas pocas horas.
68, Jolteon, 135, https://assets.pokemon.com/assets/cms2/img/pokedex/full/135.png, Si está enojado o asustado, el pelaje de todo su cuerpo se eriza como agujas afiladas que atraviesan a los enemigos.
68, Flareon, 136, https://assets.pokemon.com/assets/cms2/img/pokedex/full/136.png, Una vez que ha acumulado suficiente calor, la temperatura corporal de este Pokémon puede alcanzar hasta 1.700 grados Fahrenheit.
69, Porygon, 137, https://assets.pokemon.com/assets/cms2/img/pokedex/full/137.png, Se utilizó tecnología de punta para crear Porygon. Fue el primer Pokémon artificial creado mediante programación informática.
70, Omanyte, 138, https://assets.pokemon.com/assets/cms2/img/pokedex/full/138.png, Debido a que algunos Omanyte logran escapar después de ser restaurados o son liberados a la naturaleza por las personas, esta especie se está convirtiendo en un problema.
70, Omastar, 139, https://assets.pokemon.com/assets/cms2/img/pokedex/full/139.png, Con el peso de un caparazón grande y pesado, Omastar no podía moverse muy rápido. Algunos dicen que se extinguió porque no podía atrapar alimentos.
71, Kabuto, 140, https://assets.pokemon.com/assets/cms2/img/pokedex/full/140.png, Esta especie está casi completamente extinta. Kabuto muda cada tres días, haciendo que sus caparazones sean cada vez más duros.
71, Kabutops, 141, https://assets.pokemon.com/assets/cms2/img/pokedex/full/141.png, Kabutops corta en rodajas a su presa y succiona los fluidos. Las partes del cuerpo descartadas se convierten en alimento para otros Pokémon.
72, Aerodactyl, 142, https://assets.pokemon.com/assets/cms2/img/pokedex/full/142.png, Este es un Pokémon feroz de la antigüedad. Aparentemente, incluso la tecnología moderna es incapaz de producir un espécimen perfectamente restaurado.
73, Snorlax, 143, https://assets.pokemon.com/assets/cms2/img/pokedex/full/143.png, No está satisfecho a menos que coma más de 880 libras de comida todos los días. Cuando termina de comer, se duerme rápidamente.
74, Articuno, 144, https://assets.pokemon.com/assets/cms2/img/pokedex/full/144.png, e dice que las hermosas alas azules de este Pokémon están hechas de hielo. Articuno vuela sobre montañas nevadas, con su larga cola revoloteando detrás de él.
75, Zapdos, 145, https://assets.pokemon.com/assets/cms2/img/pokedex/full/145.png, Este Pokémon tiene un control total sobre la electricidad. Hay historias de Zapdos anidando en las oscuras profundidades de las nubes de tormenta de tono negro.
76, Moltres, 146, https://assets.pokemon.com/assets/cms2/img/pokedex/full/146.png, Es uno de los Pokémon aves legendarios. Cuando Moltres agita sus alas llameantes, brillan con un deslumbrante resplandor rojo.
77, Dratini, 147, https://assets.pokemon.com/assets/cms2/img/pokedex/full/147.png, Dratini habita cerca de cuerpos de agua que fluyen rápidamente, como los estanques de las cascadas. A medida que crece, Dratini mudará su piel muchas veces.
77, Dragonair, 148, https://assets.pokemon.com/assets/cms2/img/pokedex/full/148.png, Este Pokémon vive en océanos y lagos prístinos. Puede controlar el clima y usa este poder para volar hacia el cielo, montado en el viento.
77, Dragonite, 149, https://assets.pokemon.com/assets/cms2/img/pokedex/full/149.png, Es un Pokémon de buen corazón. Si detecta a una persona o un Pokémon que se está ahogando, Dragonite simplemente debe ayudarlos.
78, Mewtwo, 150, https://assets.pokemon.com/assets/cms2/img/pokedex/full/150.png, Su ADN es casi el mismo que el de Mew, sin embargo, su tamaño y disposición son muy diferentes.
79, Mew, 151, https://assets.pokemon.com/assets/cms2/img/pokedex/full/151.png, Cuando se mira a través de un microscopio, se puede ver el cabello corto, fino y delicado de este Pokémon.
